strax123,123,strax@gmail.com,administrator
petr,123,petr123,regrut
nexa,123,nexa@gmail.com,regrut
marko,123,marko@gmail.com,validator
milos,123,milos@gmail.com,regruter
mila,123,mila@gmail.com,regruter
dark,123,dark@gmail.com,validator
stef,123,stef@gmail.com,regruter
nikl,123,nikl@gmail.com,regrut
nikola123,123,nikola@gmail.com,regrut
milan,123,milan@gmail.com,validator
adada,adda,adada@gmail.com,regrut
jova,123,jova@gmail.com,regruter
nik,123,nik@gmail.com,regrut
popa,123,ppoo,regrut
milica,123,milica@gmail.com,regruter
milosaaa,miki,mikiii@gmail.com,validator
